<?xml version="1.0" encoding="UTF-8"?>
<doctrine-mapping xmlns="http://doctrine-project.org/schemas/orm/doctrine-mapping"
      xmlns:xsi="http://www.w3.org/2001/XMLSchema-instance"
      xsi:schemaLocation="http://doctrine-project.org/schemas/orm/doctrine-mapping
                          https://www.doctrine-project.org/schemas/orm/doctrine-mapping.xsd">

    <entity name="App\[Entities]\Domain\[Entity]" table="[entity]">

        <id name="id" column="id_[entity]" type="uuid_binary_ordered_time">
            <generator strategy="CUSTOM"/>
            <custom-id-generator class="Ramsey\Uuid\Doctrine\UuidOrderedTimeGenerator"/>
        </id>

        <field name="isActive" column="is_active" type="boolean">
            <options>
                <option name="default">0</option>
            </options>
        </field>
        <field name="createdAt" column="created_at" type="datetime">
            <options>
                <option name="default">CURRENT_TIMESTAMP</option>
            </options>
        </field>
        <field name="updatedAt" column="updated_at" type="datetime" nullable="true" />
    </entity>

</doctrine-mapping>
